index,sequence
1,When the bartender who served the annoying customer walked away the doors opened
2,When the limp drunkard who paid the bartender laughed the stool fell over
3,The rector who punished the tough teenager was very unreasonable
4,The burglar who begged the injured pastor was desperate
5,Last week the assistant who treated the brown teeth got the rash
6,Last Monday the doctor treating the small pox was given the small pox himself
7,The dreaded psychiatrist who treated the addict recently received his resignation
8,The offender who fled the cop has entered a winding path
9,The owners of the estate who show hundreds of visitors are proud
10,Yesterday the broad bodyguard who protected the film star had a day off
11,Tomorrow the waiter who insulted the famous president will get his resignation
12,The doctor who changed the dirty bandage first put on plastic gloves
13,The sports doctor who advises the hockey player with the torn tendons knows a lot about it
14,The grandmother with the broken pelvis that the nurse consulted had to cry
15,The alcoholic who treated the well-known psychologist has a relapse again
16,On Monday the pupil who harasses the master has put pins back on the chair
17,Jochem who always jumps too high during basketball has injured his ankle
18,The policeman arresting the aggressive squatter is cracking down
19,The striker who pelts the fearful ladies goes too far
20,The journalist interviewing the famous national coach wants to know a lot
21,The sister who washes the elderly person suffering from tuberculosis is caring
22,The magician who instructs the volunteer from the enthusiastic audience is unclear
23,The patient pastor who baptizes the baby begins to speak
24,The pastor who baptizes the cuddly little one is holding her tightly
25,That girl who wants the peanut butter sandwich is spoiled
26,Robert who swallowed Jan's beautiful daughter in marriage
27,The detective who traces criminals receives a fat reward from the state
28,The tracking dog that detects illegal drugs is given a cookie
29,The prisoner who shakes off the slow guard gets help from his henchman
30,Today the last candidate to convince the examiner is very impressive
31,The striker who drafted the trainer had missed a crucial training
32,Nobody knew that a dangerous tornado was created that would demand many victims
33,The employee who describes the escaped thieves is very accurate
34,The cruel president who orders the subject is angry
35,The third number that the attentive listener signals is six
36,My girlfriend Mona loves boys who buy mixed drinks for her
37,Yesterday the contractor who tempered the elderly resident was in a good mood
38,The female that takes care of abandoned cats has a quarrel with the neighbors
39,Recently the young man who hired the popular porter gave a big party
40,The fairy who enchanted the strong bears was very friendly
41,The painter who draws the handsome princess is covered in paint
42,The cook who cooks porridge for homeless citizens no longer feels like it
43,Nora who weaves warm blankets for poor people is happy
44,The violent shooter who killed your director has been convicted before
45,The rider who stroked his beloved horses had become the winner
46,The counselor who assisted the cruel delinquent was on the radio
47,The detained toddlers who alert the parents are in a panic
48,The parents who liberate the frightened daughters went home relieved
49,Joost grabs the tough kidnapper who slips away from the frightened director in his collar
50,His boss who is afraid of the rigid diplomat runs out the door
51,The foreman who exploits the sober forester is an unkind man
52,The employee who obeys the strict director is afraid of losing his job
53,The fans who encourage the tense bowlers want their sports heroes to win
54,I spoke yesterday with Hans who designed the crooked towers
55,When the wanderer who helped the rescuer saw the mounted police he ran away
56,When the salvation soldier who housed the sick homeless person entered the room he was startled
57,The grandfather who didn't see through the devious virtue felt cheated
58,I was shocked when the cheap bastard who repaired the rear landing laughed
59,The judoka who floored the foolish attacker could not be kept
60,The cheater who misled the simple appraiser felt guilty
61,My aunt Agaat who won the competition had used smooth piers
62,The nude runners who entertain the people in the brothel in The Hague are cold
63,The designer who sells queen's clothing is very creative
64,The window man took the plastic mannequin that stood in the hallway
65,My sister Fransien who chooses the most expensive trumpet has enough money
66,The hairdresser who cuts the busy team leader has a lot of experience
67,Joke who plays the Spanish tambourine prefers to be at the front
68,The helpful waitress who helped the simple farmer's wife neatly kept the door open
69,Hip glasses were sold in the store that I saw
70,The rather stiff diaphragm that separates abdominal cavity and chest cavity is very important
71,I don't take the farmer who feeds the little pig seriously
72,The teenager who hated the evil boss was desperate
73,Richard who took care of the older animals started collecting money for them
74,Last week the pathetic frightened man who called in the dentist suffered severe pain
75,Last month the wounded who called in a famous psychic got many complications
76,My sister's neighbor who had a severe psychosis is better
77,I looked at my brother who used the big branches for the fire
78,The experienced agent who ran there saved the frightened tourist
79,The experienced brokers who show the new buyers around are shark-headed
80,I had a nice beer made from barley
81,The older brother of the owner who received the first visitors winked
82,My aunt who makes delicious jam from fresh blackberries is moving
83,The young thief who fled had stolen her new passport
84,The salesman who praised the modern telephone earned a lot of money
85,The orthopedist who treats the injury has little sense of it
86,The secretary gives a letter to the lawyer who advises the male staff member
87,The wise old man who explains everyone's dreams comes tomorrow
88,Monday the nice teacher who teaches the student has a day off
89,You can borrow my green silk pajamas in the closet
90,My little niece who is jealous also wants this beautiful pencil
91,Only people who know about wild dogs are allowed to keep pitbulls
92,Only a real tough one that goes through gets a place in the front row
93,The young dog of my neighbor who is chasing the fat pigeons is wild
94,Due to very sharp turns that occur in Greece many accidents happen
95,The woman who makes beautiful drawings can go to the art academy from Tuesday
96,Sonja looked surprised at Mother who threw the other biscuits into the trash
97,The police officer arresting the aggressive godfather is cracking down
98,The officer who was the fastest had arrested the naked squatter
99,The reporter interviewing the tired ballerina wants to know a lot
100,The mother who asks for extra blankets for her daughter has no chance
101,The celebrity who sends the reporter away does not want to talk to the waiting police
102,The clown sitting on the sunny terrace is out for revenge
103,My mother sells her old car that does not have a suitable towbar
104,The new propeller ordered by the mechanic was red
105,The nurse takes care of the sick person who suffers from inflamed pimples
106,The teacher reprimanded the boy who pressed the rickety button
108,The robber stole all the valuables that the astonished neighbor had in his house
109,The invested brown ball on the counter is fresh
110,Margriet who was more than fed up with the busy period went on vacation
111,She was startled by the scream that the savage barbarized
112,My nice colleague who was assigned to early service left
113,Without great protest the girl who had to cry took a bite of vegetables
114,The rare plant that stood in the window needed water
115,There was a tower in the luxurious banquet that had just been brought
116,My handsome uncle Henk who invited the insecure blonde had to laugh
117,The old cop who received the suspicious package didn't open it
118,Despite heavy setbacks that everyone experiences most people just keep going
119,Generally speaking there is little to be done about impetuous teenagers going their way
120,men with a tight bandana around their heads are tough
121,Today the witty brunette who judges the singer is very partial
122,Nevertheless the florist who invites the suitable applicant is very friendly
123,The tame cougar walking in the Veluwe is not dangerous
124,Vera who wanted to pet the dog frightened the young puppy
125,On the previous page there was a wrong sentence about duck hunting
126,The blind typist who worked despite her disability knew the answer
127,The results that did not show any signs of a strong trend
128,Mother looked angry at the toddler who pulled a big pout
129,The new target that the tiger had chosen entered the forest
130,When the choreographer calling the slow dancer heard the reason he was startled
131,The man who arrested the police was taken away under immense protest
132,The substantial bonus that was distributed to the board was noted
133,The student who was questioned had killed the missing dean
134,The woman who was pregnant was admitted to the hospital in a critical condition
135,The forgotten poet who fears the cruel reader is desperate
136,The patron of Delhi who built the holy temple died
137,The wooden desk that was clumsily put together fell together
138,The skinny drunk who escapes the bouncer has something to hide
139,I rarely see a written letter that falls in the letterbox
140,The star who considers sufficient privacy important is often called
141,The bystanders who are very critical make fun of the famous technologist
142,The smooth chat he can have during job applications does help
143,Unfortunately Vincent who painted famous portraits could not earn anything from it
144,The artists who have no work have to entertain the crying babies
145,The route that ran along the Utrecht ponds was longer than expected
146,The witch who predicted an uncertain future for her laughed hard
147,Yesterday the driver who had discovered the hidden gunpowder received a reward
148,The inexperienced musician who tuned the expensive black piano was nervous
149,My aunt who loved to visit cozy villages was enthusiastic
150,We did not get far on the rickety tandem that was not insured
151,The Swiss man likes to visit the Dutch forests that are beautiful
152,Yesterday grandma who had eaten a sweet pancake had a severe stomachache
153,Fashionable Sarah who brought wool bags to market was successful
154,The ideal crowbar that is indispensable for many men is in stores
155,You get little for twenty dollars that are worth less than before
156,The state paid the talented lawyer who had made an excellent case
157,The clean parakeet that inspires the lady is locked up in the cage
158,The heavy lightning that struck a kilometer further caused a fire
159,My dog ​​just bit into the delicious cake that was for grandma
160,The corrupt banker who did good business had no conscience
161,The stuck children who alert the early passers-by are in a panic
162,The new project that costs a lot of money seems to fall into the water
163,My fried egg that had a broken yolk was delicious
165,Colleagues and bystanders comfort the frightened technician who cries
166,The thick intestines coming from the pig are filled
167,The very blunt biologist who looked very angry stooped and fell
168,He stumbled over the wallpaper roll that the clumsy wallpaper dropped
169,I hate the consultant who convinced our daughter to become a conductor
170,He who won't listen must now sit on thick blisters
171,The fast drummer who was looking for a band placed an advertisement
172,The sturdy short brush that Joris preferred was gone
173,The fruity drinks that sometimes tasted strange were served at the party
174,With crooked toes that she couldn't get straight she stood up
175,My brother Hans who confessed his many sins to the mild pastor cried
176,Grandpa Jan who is a baker always wanted to be a pilot or a fireman
177,I just ate the stale toast that didn't taste good
178,Frank became very nervous about the strange-looking pathologist who examined him
179,My girlfriend who knew the recently deceased tennis player went to the funeral
180,in that teen camp was not a single companion who was knowledgeable
181,He saved the elderly man choking on the dry rusk
182,The professor who played dominoes from the age of 30 had not won
183,The worn device that still runs pretty well must be inspected
184,Rosa who had devised the beautiful wedding had to cry with joy
185,The big brown panda that is threatened with extinction is counting on you
186,The bands that are very popular bring huge tents with them
187,The little goose that held the other person started to flutter hard
188,Ton who had discovered this beautiful paradise wanted to keep it hidden
189,I throw away the freshly made salad that ruined this spoiled tomato
190,Our heated discussion which turned out to be nothing didn't make much sense
191,The buyers of the parcel that had a fixed destination did not come
192,Cats that continuously lose tufts of hair can be deficient in vitamin
193,Fresh beet pasta that is topped with red sauce is unmissable
194,Martine who had just cleaned the shiny dresser found a golden necklace
195,Crete which has beautiful beaches is much less attractive because of mass tourism
196,Peter who had driven out the evil devil was exhausted and slept immediately
197,The witch who flew through the air on her crooked broom was ugly
198,His grandfather who usually drinks drinks has hit a tree
199,The mother's ring that contains a real diamond was stolen from home
200,The eye doctor of Anne who offers cheap glasses has also become rich
201,The nice lady gave Henk who had bought a colorful parrot a bag of seeds
202,The giant that showed the way to a little dwarf had a club
203,Patricia who had learned hard achieved a high mark for the difficult exam
204,The sweater that ended up in the new dryer didn't fit anymore
205,in Rotterdam we have accomplished wonderful things together
206,The company left for the bus in the shorter term
207,Readers have objected to this in large numbers
208,It is a dire situation that Dutch politicians hardly do anything about
209,The last few days have not been the most successful politically
210,The strict supervision of accountants is also under discussion in the Netherlands
211,These are not regional problems such as those in the Antilles
212,Not all pills and blue powders can be imported without further ado
213,You can take the complete structure out of context in this way
214,Last year these thirty files were all linked to each other
216,The action group identifies a new problem for nature in Waterland
217,in the last race the Olympic horse finished third
218,The public debate made it clear to everyone what the intention was
219,He works at that store for twelve dollars an hour
220,He gave up his own existence for his bride in India
221,Fighting groups within the church is a great name and power
222,It is a less time-consuming procedure than classic animation
223,The busy teenagers in my street cause a lot of inconvenience
224,The brown sandwich is topped with cheese and fresh ham
225,More than a thousand workers work in the modern company opposite the station
226,Anke gives the green plant some water with a watering can
227,The wine glasses are on the top shelf in the kitchen cupboard
228,The brave groomers finally reached the top of the mountain
229,The man bowed deeply for the new queen
230,The housekeeper wiped the table with a damp cloth to remove the dust
232,The businesswoman wore nice gray trousers during the show
233,De Keukenhof is visited every year by foreign tourists with expensive photo cameras
234,The car had to go to the garage for a major service and a periodic inspection
235,Kees bought a neat bunch of flowers and a box of chocolates for his wife
236,In the fairy tale the king is always sitting on his golden throne
237,The painter colored the details with a small brush of pig hair
238,Dorien went completely crazy from the dripping tap in the kitchen
239,The company is celebrating its tenth anniversary with a gigantic party
240,The sick girl had a big fever because of the flu
241,I patiently helped the difficult customer with his first order
242,At the office for simple copying they use only uncoloured paper for a better environment
243,Marco visits his own dentist every six months for a check-up
244,The florist delivered a beautiful bouquet of red roses to Lisa
245,Floor had a very scary dream about snakes last night
246,The two cars were involved in a head-on collision on the dangerous motorway
247,The owner of the modern theater accused the woman of theft
248,In order not to be recognized the robber wore a blonde wig with curls
249,The singer performed before a large audience in Ahoy
250,That farmer is still walking through the farming village on old-fashioned wooden shoes
251,Much has changed since Dorien's aunt visited here
252,In the cradle a baby with clenched pimples was sleeping comfortably
253,When playing the orchestra paid close attention to small movements of the conductor
254,after the elections the PvdA was the largest party in the Netherlands
255,Pigeons are probably making the biggest mess on the central square
256,Spain is very popular because of the favorable climate and the beautiful beaches
257,Today children only cheer for big surprises on their birthday
258,Although little dance steps were made Rose stumbled over her feet
259,The construction of the shed turned out to be quite a chore for Hans
260,The minister was curious about the total percentage of voters in Friesland
261,The girl needed braces from her new dentist until she was eighteen
262,The fiancee looks at the location for their wedding in June
263,There were many doctors in the city because of an important discussion about surgery
264,At work Peter drinks a lot of coffee with sugar
265,The collision occurred at a risky intersection just outside the city
266,The terrorist misled the police by switching cars
267,The sentry stood on the lookout for hours at the gate of a ruined castle
268,We made a big circle to sing together
269,​​Due to the stormy weather several teams are playing in a sports hall
270,Halfway through the exciting match the officers arrest a number of fighting teenagers
271,Lucrative companies spend a lot of money on advertising
272,My new neighbors take out a loan to buy a car
273,Due to the massive strikes in the slaughterhouse the current prices of meat are rising
274,When buying twelve bottles of wine the rich tourists get a bottle as a gift
275,Under the age-old oak tree in the garden the white tulips are in full bloom
276,At the opening of the new sports hall the numerous visitors were given a drink
277,During the fierce discussion the passionate lawyers ask difficult questions
278,Because of the recently obtained diploma my friends treat me to cakes
279,During the noisy discussion the members decided to continue the strike
280,To the annoyance of the strict manager the teenagers throw junk on the site
281,Due to the enormous need for ice lollies the manufacturer increases production
282,Only experienced divers jump into the pool from the high diving board
283,The horribly spoiled teenagers buy a necklace of gold
284,Both the students and the concerned teachers pray for the mortally ill rector
285,The beggar dressed in rags steals fruit from the greengrocer
286,The cheerful girls dance with each other during the pleasant fare
287,The tired partygoers rest in the park after the happy wedding
288,The countless clowns entertain the wildly enthusiastic audience with countless follies
289,The pretty drunk driver comes up with a faint excuse for the policeman
290,The cheerful waiter serves brightly colored drinks with coconuts and pineapples
291,The close friend comes up with an appropriate poem to surprise the newlywed couple
292,The dangerous robbers are not satisfied with a handful of diamonds
293,In Indian restaurants spicy meat is often served with green peppers
294,The older man reads the Sunday newspaper in the living room
295,The smart lady received a beautiful book for her birthday
296,The handsome waiter presents the running buffet on the terrace
297,Children in China sew cheap clothes for western consumers
298,He made the wise choice to go home quickly
299,Immediately an intense urge to skip school comes over me
300,of the three vocalists made the most impression
301,Such a problem has also been identified with the Dutch dikes
302,I just got back from the reopened zoo in Amsterdam
303,At that moment her own brother walked the dog
304,That small village is now also threatened by the new construction
305,Nothing good could be said about that good performance
306,The former dependent position no longer fits changed Greece
307,The unnecessary drama will only break loose in a few years
308,An important problem is the demand for more cheap raw materials
309,He couldn't name the name of the current president
310,The reduction for repairs applies only in our own company
311,They want good governance back at the upcoming congress
312,His attitude seems to have been prompted from the very beginning
313,Sometimes we have lost all faith in Dutch politics
314,Even a gross error did not cause a mental breakdown
315,The decision concerns the planned destruction of the nuclear power plant in Dodewaard
316,The better housing is enforced by the new European rules
317,When does that lax adolescent finally get his diploma
318,That little parcel was somehow the most loved
319,The tired troops in the area were expanded even further
320,in the seventies the fascinating program attracted millions of listeners
321,Many thousands of visitors from all over the world come to the pop concert
322,That beautiful message is about the new and eternal Jerusalem
323,The king and his faithful servants don't matter
324,The fraudulent broker had to close his business from the claimant
325,I like to read beautiful books in my free time
326,Because of his own confession he is convicted of the murder
327,Unfortunately the mighty director persevered with his staff
328,It was a beautiful third win over Hawaii in three years
329,We hope to see the famous drawings again soon
330,The work ethic is very different in central Bolivia than in the south
331,A few people do everything in their power to get hold of the popular booklet
333,Hence chickens are kept on their lean feet
334,The notorious perpetrators reported themselves to the police
335,But it almost went wrong on the second Tuesday
336,There will be a national administration to combat bureaucracy
337,in Japan and China is starting a slight deflation
338,After that mistake the entire team collapsed
339,The mild climate persisted until almost mid-month
341,Because of the young plants the plastic bucket is full of soil
342,The dog came running with a plastic diadem in its mouth
343,Natasha tucked the handkerchief into her new pants with ruffles
344,Violators of the law can count on a fair trial with an impartial judge
345,After a good night out the cheerful baker had quite a hangover of alcohol
346,The student did not survive on his scanty scholarship of four hundred guilders
347,After the power went out Carolien lit her cozy terrace with candles and lanterns
348,The Baroness invited a number of guests to a delicious dinner with expensive wines
349,The murderer's hands were covered with the victim's dripping blood
350,The volleyball team won first place a large cup filled with champagne
351,The female swept the floor with a very old broom made of twigs
352,In the office the woman stood at the busy counter in front of the declarations
353,Grandma's elegant packages are kept in the attic in a large oak box
354,The stage builders were very satisfied with their beautiful backdrop for the drama
355,On his sixteenth birthday the adolescent received a sturdy moped and a helmet as a gift
356,The car stopped along the highway without fuel in the tank
357,The tourists had a hard time putting up their little tent during the storm
358,The nice teacher has a very calm class this year to teach
359,Grandpa knocked the black tobacco from his pipe into the ashtray
360,The skilled dentist pulled his back tooth at Nico with the inflamed roots
361,During the flight the boy was allowed to look in the cockpit of the experienced pilot
362,At the end of the day the mobile phone goes for the transfer
363,Grandma still goes to church every Thursday for the morning mass
364,The tall boxer weighed ninety kilos clean on the hook
365,The brutal robbery was captured by a hidden camera above the entrance
366,In the middle of the station hall is a large poster with a silver frame
367,That seller's profit is very high because of his smooth chat about his products
368,The basketball players were guided from the small stand by their coach and trainer
369,Father always sits at the head of the straight table during dinner
370,The fortune teller foretold my superstitious aunt's future with a glass ball
371,The athlete was accused of using illegal doping just before the competition
372,The treasure was brought up from the seabed by three experienced divers from Germany
374,The vicious perpetrator keeps his gold reserves in a vault underground
376,For dinner our family usually eats pasta with a tasty sauce
377,Following the report the fanatic police received an anonymous tip about the perpetrator
378,Bram was able to fall through the ground after that huge blunder yesterday afternoon
379,Ivo received a severe reprimand from his boss at work for his bad advice
380,Ria often plays tennis with a friend in the evenings
381,I enjoyed sunbathing on the beautiful terrace of the house in nice weather
382,For the chic dinner Inge poured the wine into a carafe of crystal
383,After breaking the antique vase the children showed little remorse to their grandmother
384,After having worked for someone else for years Luuk started his own company in Eindhoven
385,The chairman was dismissed by the entire board for misconduct
386,The dry leaves fall into the swimming pool due to the wind
387,Despite the laborer's effort the important project was not completed
388,After the pleasant party the cheerful ladies call a taxi
389,The arrogant director hardly contacts the foreign employees
390,In the distant future people may travel by flying saucer
391,The students comment on the fascinating speech about increasing vandalism
392,Playing happily on their purple drums the students went to school
393,The guests left because the lazy servant was very rude
394,During the very heavy training the soldiers walked under ropes
395,During the first break the students often buy something tasty in the canteen
396,At the end of every school year the loyal daughters stay with their grandmother
397,With a delicious licorice in each hand the sisters walked to school
398,My sister-in-law's acquaintances live in that detached farmhouse with a spacious backyard
399,To remedy the leaks in the old church the devout pastor is looking for a plumber
400,For the most important results of the research you can consult the well-known publication
401,During the journey through the jungle the rich tourists see a group of monkeys
402,When the dirty beast is seen the mothers get completely upset
403,Our friendly neighbors are celebrating their birthday in the small room of the hotel
404,After a difficult journey through the mountains the hikers reach the campsite
405,Thanks in part to the excellent organization the young visitors come in large numbers
406,When the vicious dictator arrived the citizens shouted slogans of protest
407,in the modern drugstore most customers only pay electronically
408,The happy youngsters provide intense pleasure in their place of residence
501,went;clerk;That;Open;walked away;bartender;customer;the;annoying;the;the;then;doors
502,the;paid;laughed;drunkard;the;fell;limp;then;stool;That;to;bartender;the
503,That;the;very;punished;adolescent;unreasonable;rector;tough;the
504,That;the;;burglar;pastor;hurt;begged;the;advice;end
505,rash;assistant;the;received;the;treated;week;previous;teeth;That;brown;the
506,the;That;Monday;previous;treated;the;self;doctor;smallpox;stranger;received;smallpox;the
507,feared;the;dismissal;addict;psychiatrist;last;treated;the;received;That;to be
508,one;the;used to be;offender;the;tortuous;cop;That;ingering;fled;path;is
509,proud;from;show around;the;That;the;owners;visitors;estate;hundreds;to be
510,protected;the;That;free;bodyguard;had;a;yesterday;day;film star;broad;the
511,waiter;tomorrow;to be;the;famous;gets;offended;president;the;dismissal;That
512,pulled;the;to;doctor;plastic;bandage;the;That;gloves;dirty one;changed;first
513,mind;the;torn;a lot of;with;the;there;advises;tendons;That;from;has;sports doctor;hockey player;the
514,that;broken;consulted;the;to cry;pelvis;with;nurse;the;had to;the;grandmother
515,the;a;treated;relapse;psychologist;alcoholic;the;That;weather;known
516,op;student;Monday;laid;the;has;the;That;harasses;drawing pins;master;chair;the;again
517,has;That;Jochem;ankle;to;hurt;basketball;while;high;jumps;always
518,tough;That;the;is going;arresting;cracker;policeman;the;work;to;aggressive
519,that;far;the;is going;pelts;Women;fearful;to;striker;the
520,famous;the;interviews;know;journalist;national coach;a lot of;the;That;want
521,tuberculosis;That;sister;is;washes;to;caring;elderly;the;suffering;the
522,the;is;volunteer;the;magician;the;instructs;audience;That;unclear;enthusiastic
523,baptizes;to speak;pastor;begins;That;the;to;baby;patient;the
524,predecessor;the;likes;baptizes;firm;Shorty;her;the;That;stuck;cuddly
525,want;the;sandwich;girl;spoiled;peanut butter;Which;without;That
526,Jan;from;asked;wedding;daughter;Robert;clean one;swallowed;;the;That
527,criminals;the;state;detective;a;traces;the;from;reward;That;fat;gets
528,That;a;gets;tracking dog;drugs;the;cookie;the;illegal
529,help;to be;the;from;gets;guard;detainee;the;henchman;slow;shake off;That
530,examiner;the;impressive;today;candidate;convincing;very;last;That;the;is
531,peak;the;missed;trainer;the;That;crucial;had;drafted;training;a
532,knew;would;a lot of;That;victims;tornado;requirements;dangerous;Which;a;arose;no one
533,really;the;accurate;That;describes;thieves;employee;the;is;escaped
534,the;recommends;president;the;angry;That;is;national;cruel
535,attentive;the;six;third;signals;listener;number;the;Which
536,op;crazy;her;to buy;Mona;my;is;boys;female friend;drinks;mixed;That;in front of
537,matte;That;had;the;good;a;yesterday;resident;contractor;mood;elderly;the
538,arguing;the;with;accommodates;cats;neighbors;leave;the;Which;has;female
539,party;hired;recently;popular;the;That;young man;porter;a;gave;the;big
540,friendly;the;the;used to be;Elf;bears;strong;very;bewitched;Which
541,signs;paint;the;handsome;below;princess;That;the;sit;painter;the
542,none;has;boils;the;more;cook;citizens;sense;homeless person;in front of;dad;That
543,Nora;people;blankets;happy;warm;That;in front of;weaves;poor one
544,that;al;violent;the;killed;director;been;convicted;earlier;shooter;is;you
545,rider;That;the;used to be;winner;horses;become;stroked;lover;the;to be
546,op;cruel;the;Counselor;radio;delinquent;used to be;assisted;the;That;the
547,alert;toddlers;parents;panic;in;the;That;locked up;the
548,went;That;House;parents;relieved;daughters;fearful;liberate;the;the;to
549,frightened;tough;escapes;to be;the;in;grabs;collar;director;kidnapper;the;Joost;That
550,out;is;door;rigid;in front of;runs;anxious;boss;diplomat;the;to be;the;That
551,that;is;a;exploited;unkind;forester;man;the;supervisor;sober;the
552,scared;touch;is;to;employee;director;the;obeys;job;That;the;to be;strict;lost
553,fans;the;encourage;tense;sports heroes;bowlers;their;That;to win;want;the;Which
554,the;designed;That;spoke;has;I;Hans;crooked;yesterday;towers;with;yet
555,the;saw;helped;the;then;away;caregiver;he;wanderer;law enforcement;the;That;ran;rode
556,the;then;housed;the;That;room;homeless person;the;he;Salvation Soldier;startled;came in;sick person
557,felt;devious;the;cheated;understood;not good;grandfather;himself;That;the
558,rear;I;fixed;startled;the;the;laughed;both;cheap;landing;That;then
559,that;to;judoka;used to be;to hold;attacker;not;the;floored;foolish;the
560,cheater;the;himself;simple one;guilty;appraiser;felt;That;misled;the
561,contest;won;used;smooth;the;That;Agate;aunt;piers;my
562,people;the;nude runners;cold;Hague;the;the;to have;brothel;in;entertain;the;That
563,sells;the;very;designer;clothing;queen;creative;That;the
564,the;was standing;corridor;in;window dresser;mannequin;with it;the;took;the;plastic;That
565,sister;the;That;money;Fransien;enough;trumpet;most expensive;my;has;singles
566,hairdresser;a lot of;the;experience;trimmed;Team Leader;busy;the;has;That
567,plays;Spanish;preferably;tambourine;Joke;the;in front;the;That
568,That;the;simple;Open;waitress;farmer's wife;helpful;the;helped;door;the;decently
569,that;sold;saw;store;hip;in;the;were;glasses;I
570,stiff;is;separates;aperture;the;and;important;abdominal cavity;chest cavity;very;Which;fairly
571,farmer;not;little;That;serious;I;performs;piglet;the;take;the
572,advice;That;;hated;adolescent;boss;the;end;evil one;the;used to be
573,for;went;collect;Richard;animals;older ones;money;the;them;That;cared for
574,the;That;pain;week;received;frightened;the;switched on;fierce;previous;dentist;pathetic
575,wounded;the;That;received;past;many;switched on;month;psychic;complications;known;a
576,fierce;better;had;a;from;my;is;neighbor;psychosis;sister;the;That
577,looked;used;I;great;to;in front of;the;brother;branches;That;my;the;fire
578,That;walked;saved;to experience;the;frightened;over there;agent;tourist;the
579,that;to be;show around;the;to experience;shark;buyers;new ones;estate agents;the
580,that;a;I;barley;beer;used to be;took;made;yummy;from
581,owner;first;the;That;older ones;winked;the;from;received;visitors;brother;the
582,that;my;moving away;makes;is going;jam;aunt;blackberries;fresh;from;delicious
583,the;That;her;thief;stolen;fled;young ones;passport;new ones
584,seller;the;money;a lot of;to scare;phone;earned;modern;That;the
585,that;from;there;injury;few;orthopedist;the;treats;has;well;the
586,lawyer;male;the;a;the;letter;secretary;advises;office worker;the;gives;That
587,is coming;old;the;explains;man;tomorrow;to dream;manner;That;everyone's
588,teaches;nice one;Monday;teacher;the;That;day;a;the;student;free
589,may;lies;to lend;pajamas;closet;green;That;the;you;in;sides;my
590,beautiful;jealous;this;is;little;want;That;also;niece;pencil;my
591,people;only;wanted to;from;be allowed to;mind;dogs;to hold;to have;pitbulls;That
592,one;only;gets;tough;the;a;on;perseverance;queue;That;spot;real one;first
593,from;That;wild;the;dog;my;is;young ones;pigeons;neighbor;the;fat one
594,that;by;to happen;turns;a lot of;Greece;accidents;in;sharp;appearance;whole
595,art academy;allowed;makes;Tuesday;drawings;woman;That;the;to;gorgeous;from;the
596,looked;in;That;the;suprised;garbage can;mother;to;biscuits;Sonja;others;threw;the
597,police officer;aggressive;the;That;hard-handed;godfather;is going;work;the;arresting;to
598,naked;the;arrested;agent;had;That;the;used to be;fastest;cracker;the
599,tired;know;the;want;interviews;ballerina;the;That;reporter;a lot of
600,for;is;daughter;mother;blankets;That;no chance;additional;her;the;asks
601,waiting;the;sends away;want;to;the;not;celebrity;reporter;law enforcement;the;stand;That;word
602,sit;That;the;is;revenge;clown;terrace;sunny;from;on;the;on
603,old;no;her;That;mother;car;appropriate;sells;towbar;my
604,that;ordered;propeller;mechanic;the;by;the;used to be;new ones;red;used to be
605,charge;That;inflamed;from;has;nurse;sick person;the;takes care;pimples;the
606,that;impressed;the;reprimanded;rickety;the;teacher;boy;push button;the
608,stole;surprised;the;House;in;valuables;had;robber;neighbor;all;That;the
609,lies;kitchen counter;ball;is;brown;on;the;fresh;Which;the
610,went;more;was sitting;Marguerite;period;busy;then;holidays;on;used to be;That;the
611,scream;wanted to;the;from;the;released;That;startled;barbarian;she
612,away;my;used to be;early;nice one;That;in;fellow worker;shift;the;went
613,large;to cry;protest;had to;bite;a;vegetable;girl;without;Which;took;the
614,window;plant;the;Which;in;required;water;rare;the;had
615,just;was sitting;brought;banquet;the;in;used to be;tor;luxurious;Which;a
616,uncle;uncertain;That;my;had to;handsome;invited;blonde;the;laugh;Henk
617,not;suspect;the;old;the;received;package;opened;the;agent;That
618,people;setback;heavy;just;That;most;by;despite;everybody;the;to go
619,that;usually;teenagers;to;corridor;falls;to do;few;boisterous;to go;their;to
620,head;to;to be;men;bandana;to have;a;That;tight;cool;their
621,the;That;today;singer;brunette;very;summed up;the;biased;is;assesses
622,friendly;very;invites;suitable;the;is;florist;applicant;yet;the;That
623,not;runs;cougar;Veluwe;the;is;the;on;dangerous;tame;That
624,that;wanted to;the;scare;dog;young ones;the;very;to pet;puppy;left;Vera
625,wrong;went;was standing;page;previous;That;sense;duck hunting;the;on;a;about
626,despite;worked;typist;the;her;blind person;answer;That;the;knew;physical disability
627,That;left;the;strong;see;there;Results;to;not;trend;a
628,hefty;to;a;watched;pulled;That;the;angry;mother;pout;toddler
629,that;Tiger;target;forest;chosen;walked;the;had;new ones;in;the;the
630,choreographer;reason;he;the;That;heard;dancer;startled;scolded;the;then;the;slow
631,man;the;removed;arrested;huge;below;the;became;law enforcement;protest;That
632,that;board;bonus;became;the;to;observed;handed out;the;big one;became
633,killed;missing;the;had;pupil;became;That;heard;dean;the
634,That;the;critical;in;used to be;became;Hospital;status;the;woman;pregnant;in
635,cruel;in despair;poet;the;reader;the;fears;to forget;That;is
636,from;saint;the;died;Delhi;is;built;Temple;patron;the;That
637,that;each other;desk;the;fell;put;used to be;in;in a;stubborn;wooden
638,te;escapes;drunk;bouncer;something;hide;has;That;the;skinny;the
639,mailbox;letter;a;That;see;yet;I;the;written;rarely;in
640,called;the;eight;important;privacy;often;star;Enough;That;is becoming
641,ridiculous;bystanders;the;very;the;to make;to be;famous;critical;technologist;That
642,he;while;chat;the;helps;to have;job applications;can;well;smooth;That
643,unfortunately;over there;Vincent;portraits;to earn;with it;famous;nothing;That;painted;could;has
644,work;artists;crying;no;the;entertain;the;to have;should;babies;That
645,longer;the;used to be;route;walked;expected;to pee;Utrecht;then;That;the;along
646,witch;uncertain;a;the;laughed;predicted;future;hard;her;That
647,driver;the;had;That;a;discovered;reward;gunpowder;yesterday;the;received;blocked
648,expensive;That;black;inexperienced;voted;the;musician;piano;the;nervous;has;used to be
649,enthusiastic;That;my;visit;to;aunt;villages;of it;used to be;loved;cozy
650,not;on;insured;tandem;not;That;used to be;far;rickety;came;the;we
651,beautiful;visits;forests;Swiss;gladly;man;Dutch;the;the;to be;That
652,sweet;That;ate;grandmother;big one;pancake;yesterday;a;had;stomach ache
653,op;fashionable;brought;market;bags;Sarah;woolen;had;the;good luck;That
654,the;men;crowbar;ideal;indispensable;the;Which;in;many;is;in front of;stores;lies
655,then;worth;dollars;before;few;twenty;you;in front of;but;to be;That;receive;less
656,talented;taken into account;the;paid;the;excellent;a;had;lawyer;plea;That;state
657,sit;madam;parakeet;the;cage;the;clean one;the;in;locked up;inspires;That
658,fire;lightning;kilometers;fierce;struck;the;a;That;further;in front of
659,grandma;yummy;in;used to be;bite;in front of;dog;cake;just like that;the;my;That
660,conscience;banker;no;had;That;the;Affairs;good one;corrupt
661,in;stuck;the;That;panic;passers-by;early;the;alert;children
662,water;project;in;Which;costs;the;new ones;to;money;a lot of;seems;the
663,that;a;had;my;used to be;delicious;yolk;egg;broken;fried
665,bystanders;the;That;to comfort;colleagues;and;cries;techie;frightened;the
666,pig;intestines;the;That;fat one;to be;the;stuffed up;from
667,looked;fell;pissed off;biologist;the;stooped;That;very;blunt;very;and
668,left;wallpaper roll;awkward;That;he;the;left;stumbled;behanger;fall;the
669,hate;convinced;counselor;I;to;the;our;to become;conductor;daughter;That
670,listen;on;not;now;fat one;want;That;he;to sit;blisters;must
671,searched;drummer;a;That;advertisement;a;the;band;fast
672,Which;Joris;brush;used to be;sturdy;from;the;the;away;short;preferred
673,op;tasted;drinks;the;strange;donated;That;party;were;fruity;once in a while;the
674,op;received;toes;curve;straight;more;they;That;with;they;not;was standing
675,Hans;many;to be;the;confessed;sins;pastor;brother;mild;my;cried;That
676,wanted to;back in the days;always;or;fireman;That;Baker;pilot;Jan;to become;grandfather
677,anyway;musty;but;tasted;toast;I;good;the;on;not;That;at
678,from;very;Frank;looking;became;him;investigated;nervous;pathologist;That;the;strange
679,the;went;the;That;knew;female friend;tennis player;pass;funeral;passed away;to;my
680,Affairs;no;from;a few;That;camp;teenagers;mentor;used to be;in;Which;in front of;mind
681,choked;dry;himself;That;elderly;he;the;in;rescued;rusk;the
682,30th;not;the;to be;played;won;domino;from;professor;had;That
683,still;tested;device;to become;Which;worn out;nice;must;good;turns;the
684,from;had to;to cry;joy;wedding;gorgeous;Rosa;the;figured out;That;had
685,extinction;with;is becoming;panda;counts;brown;you;the;threatened;That;great;on
686,huge;bring;very;That;to be;himself;bands;tents;the;popular;with
687,other;held;the;flutter;to;began;person;the;little;Goose;That;hard
688,wanted;had;to hold;hidden;paradise;this;That;discovered;Ton;gorgeous;the
689,this one;the;away;fresh;has;throw;ruined;tomato;made;That;I;salad;spoiled
690,turned out;has;discussion;sense;That;few;our;had;on;heated;nothing
691,fixed;a;came;parcel;the;the;not;buyers;destination;Which;from;had
692,to;being able;tufts;vitamin;continuously;a;cats;That;deficit;to lose;her
693,beetgare;despise;pasta;to;That;red one;not;fresh;is;sauce;is becoming;with;topped
694,a;just;chain;dresser;had;the;Martine;shiny;polished;That;golden
695,attractive;a lot of;the;less;is;gorgeous;massive;has;because of;tourism;Which;beaches;Crete
696,exhausted;had;used to be;right away;devil;Peter;the;driven out;slept;That;and;mean
697,curve;the;on;witch;by;air;broom;That;her;the;ugly;flew;used to be
698,tree;usually;a;driven;drinks;to be;drink;That;against;to;is;grandfather
699,from;contains;from;stolen;That;mother;diamond;House;the;a;ring;real one
700,rich;eye doctor;That;become;offering;glasses;also;the;from;cheap;Anne
701,bag;a;colorful;nice one;a;had;That;female;parrot;gave;the;purchased;seeds;Henk
702,orphaned;little;the;a;That;a;away;giant;bat;dwarf;the;to;had
703,point;took out;high;difficult one;hard;That;the;in front of;learned;exam;Patricia;a;had
704,sweater;the;come;used to be;in;fit;Dryer;new ones;the;not;That;more;justly
705,position;together;in;to have;Rotterdam;stuff;we;gorgeous;until
706,shorter;the;left;period;the;bus;to;party;a;on
707,against;number;made;over there;to have;big ones;objection;in;readers
708,harrowing;the;is;to which;barely;the;something;a;politics;situation;is doing;Dutch
709,politics;been;days;past;most;to be;the;not;successful;the
710,ter;The Netherlands;accountants;on;also;state;supervision;discussion;in;strict;the
711,such as;no;That;Antilles;issues;regional;to be;the;this;on
712,entered;and;blue;more;without;powders;not;to become;being able;pills;all
713,to be;you;from;bandage;structure;so;complete;the
714,to be;year;each other;last;files;linked;thirty;all of them;this one
716,a;signals;the;nature;issue;Water land;new;in front of;action group;the
717,if;race;in;third;last;the;ended up;horse;the;Olympic
718,the;clearly;debate;public;used to be;what;intention;everybody;the;at
719,that;in front of;o'clock;works;dollars;at;twelve;store;per;he
720,op;in;in front of;bride;to exist;to be;he;India;own;to be;gave
721,the;and;to be;to combat;church;groups;power;fame;great;within
722,then;less;animation;time-consuming;classic;procedure;the;a;is
723,worry;nuisance;teenagers;busy;a lot of;my;in front of;street;the;in
724,with;invested;sandwich;cheese;brown;fresh;is;and;the;ham
725,opposite;thousand;more;the;workers;the;then;to work;company;modern;station;in
726,one;water;Anke;watering can;plant;green;gives;what;the;with
727,it;in;upper;the;on;wine glasses;shelf;kitchen cupboard;the;stand
728,the;Finally;trimmers;top;courageous;mountain;the;achieved;the;from
729,before;deep;the;a;made;bow;queen;new ones;man;the
730,housekeeper;with;off;the;the;took;remove;table;cloth;to;dust;the;moist;a
732,one;while;beautiful;gray;the;wore;trousers;show;businesswoman;the
733,with;by;Keukenhof;busy;expensive;annually;visited;photo cameras;tourists;the;is becoming;foreign
734,one;had to;car;great;a;in front of;examination;Periodic;garage;turn;the;to;and;the
735,one;and;grove;Chocolates;to be;box;Kees;neat;flowers;a;bought;woman;in front of
736,niksen;to;the;in;fairy tale;the;to be;sit;on;always;throne;king;golden
737,from;small;a;in;with;painter;the;the;colored;brush;pig hair;details
738,kitchen;Dorien;the;became;the;from;all the way;crane;crazy;dripping;in
739,her;with;firm;party;gigantic;to exist;the;celebrates;ten year old;a
740,big one;the;flu;sick person;fever;the;by;girl
741,order;the;with;helped;customer;I;first;patient;awkward;to be
742,uncoloured;a;exclusively;office;on;copy work;environment;in front of;use;paper;they;in front of;simple;better
743,op;half;check;is going;to be;Marco;year;everyone;dentist;at;own
744,one;roses;red one;worried;magnificent;Lisa;florist;bouquet;the;at
745,tonight;a;had;fearful;Floor;snakes;dream;whole;about
746,cars;the;on;frontal;dangerous;a;the;concerned;collision;goods;freeway;two;at
747,it;from;the;accused;theft;theater;from;woman;modern;the;owner
748,to;not;shavings;with;blonde;a;to;the;recognized;wig;robber;wore
749,Ahoy;the;in;big;a;on;singer;audience;trad;in front of
750,farmer;on;yet;the;by;farming village;clogs;That;runs;old-fashioned
751,visit;aunt;changed;Dorien's;a lot of;since;is;on;there;here
752,clenched;the;with;cradle;baby;lay;a;to sleep;pimples;in;yummy;to
753,good;little;the;on;at;watched;conductor;the;orchestra;movements;the;from;play
754,the;used to be;the;from;elections;after;PvdA;The Netherlands;party;largest;the
755,mess;square;pigeons;central;probably;on;the;to make;largest;the
756,and;Spain;the;is;beaches;in;very;because of;climate;gorgeous;the;pull;favorable
757,surprises;only;children;in front of;great;yet;birthday;cheer;their;nowadays;on
758,her;stumbled;made;dance steps;despite;Rose;feet;about;little;there;Which
759,Hans;the;fairly;in front of;construction;a;from;pale;shed;job;the;yet
760,curious;minister;the;in;used to be;Friesland;voters;percentage;the;to;from;total;the
761,bracket;her;girl;from;until;had to;dentist;a;the;eighteenth;her;new ones
762,June;wedding;couple;fiancee;in;in front of;view;Location;the;their;the
763,a lot;because of;city;a;about;in;there;the;goods;surgery;discussion;doctors;important
764,with;whole;drink;work;Peter;on;coffee;sugar;to be;what
765,location;on;city;the;found;Outside;collision;crossing;the;a;just;risky
766,the;brought;by;from;car;a;the;exchange;astray;law enforcement;terrorist;to;on;annoying
767,the;was standing;from;on;hours;a;the;sentry;at;watch out;castle;gate;cancelled;the
768,om;we;great;to sing;circle;together;a;made;to
769,one;weather;play;stormy;because of;sports hall;teams;multiple;the;in
770,competition;to;to hold;agents;fighting;a;the;number;the;exciting;teenagers;halfway through
771,to make;lucrative;a lot of;the;from;to spend;businesses;money;advertisement
772,one;off;from;car;new ones;Close;my;in front of;loan;neighbors;purchase;a;the
773,the;meat;the;because of;the;strikes;massive;the;slaughterhouse;rise;Prices;current;from;in
774,bottles;rich;from;wine;gift;the;at;bottle;a;to get;tourists;twelve;the;purchase
775,age-old;in;Oak;the;below;white;the;Bloom;garden;in full;tulips;the
776,sports hall;at;from;numerous;opening;a;the;the;got;consumption;visitors;new ones;the
777,fierce;awkward;set;discussion;the;while;ask;driven;lawyers;the
778,the;recently;because of;friends;diploma;my;treat;achieved;pastries;on
779,the;put;strike;discussion;members;decided;to;on;the;while;noisy;the
780,mess;strict;the;terrain;the;administrator;until;from;on;throw;annoyance;teenagers;the
781,op;the;performs;need;manufacturer;the;to;production;ice lollies;huge;the;because of
782,the;in;divers;diving board;high;to jump;the;only;swimming pool;from;to experience
783,from;to buy;chain;teenagers;horrible;spoiled;gold;a;the
784,the;both;as;mortally ill;in front of;pupils;teachers;the;worried;pray;rector;the
785,steals;greengrocer;the;fruit;beggar;from;rags;in;homage;the
786,with;dancing;while;the;the;each other;girls;fair;cozy;excited;happy
787,the;in;tired;happy;from;park;rest;wedding;the;after;the;party goers
788,laughable;blazing;with;the;the;entertain;foolish;audience;clowns;countless;enthusiastic
789,excuse;a;come up with;driver;fairly;faint;in front of;policeman;the;drunk;the
790,colored;with;the;and;pineapples;coconuts;drinks;happy;serves;waiter;intense
791,applicable;the;to;good one;comes up with;brand new;the;friend;a;to surprise;wedding couple;poem;to
792,pleasure;robbers;dangerous;a;the;with;take;diamond;handful;no
793,with;often;is becoming;served;restaurants;spicy;in;meat;Indian;peppers;green
794,older;the;in;living room;Sundays;man;newspaper;the;is reading;the
795,beautiful;Lady;a;in front of;smart;birthday;booklet;her;received;the
796,waiter;terrace;the;on;walking;handsome;buffet;the;presents;the
797,consumers;in front of;to sew;China;children;clothes;cheap;western;in
798,home;quickly;he;leave;choice;the;made;sensible;to;to;to
799,te;overtakes;urge;skip class;to;fierce;al;right away;me
800,most;three;impression;the;the;Karin;vocalists;from;made
801,Dutch;also;such;at;is;dikes;the;established;issue;a
802,just;I;from;come;back;Amsterdam;zoo;the;reopened
803,on;her;Which;dog;moment;baby brother;left;the;own
804,now;by;is becoming;village;little;threatened;also;Which;new construction;the
805,nothing;on;stuff;performance;to;all the way;used to be;off;That;good one
806,more;not;changed;position;earlier;Greece;dependent;the;the;suits
807,years;loose;good;pass;unnecessary;a few;drama;the;about;breaks
808,question;cheap;issue;commodities;more;a;the;important;to;is
809,he;the;could;from;to mention;president;not;the;name;current
810,reduction;U.S;the;only;company;own;in front of;in;repairs;applies
811,coming;weather;Which;they;the;at;want;back;board;Congress;good one
812,him;to be;from;entered;to be;to;attitude;get started;seems;early;the
813,sometimes;lost;in;the;to have;all;we;trust;politics;Dutch
814,mental;in front of;not;error;a;took care;slump;coarse;a;even
815,left;is going;the;the;intended;Dead value;destruction;the;from;in;nuclear power plant;decision
816,rules;housing;new ones;is;European;enforced;the;better ones;the
817,that;Finally;gets;diploma;adolescent;when;to be;now;once;lax
818,beloved;way;parcel;on;a;or;Which;most;the;used to be;Others;little
819,still;area;expanded;troops;the;also;were;the;in;tired;further
820,years;listeners;fascinating;in;millions;the;seventy;program;the;pulled
821,pop concert;visitors;thousands;many;whole;the;to;the;come;world
822,new ones;message;and;Jerusalem;Which;beautiful;the;about;eternal
823,to be;not;and;king;servants;there;to do;the;loyal
824,the;had to;company;party;from;estate agent;the;to be;Close;claimant;malicious
825,free;my;time;gladly;books;read;in;beautiful;I
826,murder;in front of;is becoming;confession;because of;to be;the;convicted;own;he
827,at;unfortunately;staff;director;mighty;the;to be;drove;sense;to be
828,year;a;used to be;three;Hawaii;victory;in;third;the;time;gorgeous;on
829,again;we;back;fast;hopefully;drawings;famous;see;the;well
830,south;the;in;then;different;Bolivia;central;whole;is;in;work ethic;the
831,om;the;to do;people;popular;to;everything;couple;a;get hold of;booklet;to;there
833,skinny;to hold;on;standing;Which;hence;legs;chickens;their
834,at;reported;offenders;himself;law enforcement;the;self;notorious;the
835,the;wrong;almost;Tuesday;however;went;on;second;the
836,te;to;coming;to combat;board;there;bureaucracy;national;the;a
837,Japan;a;coming;in;and;minor ones;China;deflation;corridor;on
838,collapsed;wrong;after;in;complete;each other;plow;the;That
839,halfway;almost;climate;until;the;the;loved;month;to;soft
841,the;full;bucket;plants;plastic;young ones;the;because of;Earth;with;sit
842,b;with;to be;in;dog;the;approach;diadem;came;plastic;a
843,with;new ones;stopped;her;Natasha;handkerchief;ruffles;pants;the;in
844,with;offenders;a;to calculate;judge;impartial;the;law;on;being able;process;here;honest;from;a
845,evening;after;from;a;to step;a;alcohol;Baker;hangover;the;had;decent;happy;the
846,to be;from;guilder;not;four hundred;from;student;scholarship;round;scanty;the
847,her;Carolien;from;the;lanterns;electricity;after;illuminated;the;fall out;terrace;candles;cozy;with;and
848,guests;delicious;the;from;expensive;a;with;baroness;number;invited;dinner;a;in front of;wines
849,dripping;from;the;victim;the;the;from;below;killer;blood;the;hands;were sitting
850,champagne;volleyball team;great;first;won;stuffed up;the;with;Place;cup;the;a;with
851,swept;from;with;floor;very old;the;the;twigs;broom;female;a;made
852,office;busy;in;woman;the;the;the;declarations;was standing;counter;the;in front of;at
853,to become;packages;the;saved;attic;grandmother;Oak;great;on;from;coffin;decent;a;from
854,beautiful;in front of;stage builders;the;with;the;drama;goods;decor;their;satisfied;very
855,adolescent;birthday;a;and;helmet;to be;sixteenth;the;received;moped;a;on;gift;tough
856,without;quiet;car;highway;in;came;the;to;along;fuel;the;tank;the
857,had;from;little;the;while;their;the;the;a lot of;storm;tent;effort;tourists;with
858,really;has;teacher;to;to;quiet;lesson;to;year;this;class;a;the;to give;nice one
859,knocked;black;in;ashtray;tobacco;the;pipe;grandfather;the;to be;from
860,rear;dentist;inflamed;the;at;with;Nico;roots;pulled;choose;the;skilled
861,little boy;while;the;cockpit;in;look;the;was allowed;flight;pilot;the;at;to experience;the
862,transfer;is going;the;the;to;the;from;day;end;phone;the;mobile;in front of
863,the;every one;the;to;always;Thursday;grandmother;yet;is going;church;morning mass;in front of
864,ninety;clean;boxer;kilos;the;to;weighed;hook;long one;the
865,Entrance;robbery;camera;hidden;upstairs;by;became;brutal;the;a;the
866,depends;a;station hall;great;center;list;poster;the;silver;with;a
867,That;profit;to be;high;seller;smooth;very;Products;the;because of;chat;from;about;is
868,from;and;trainer;the;by;guided;stand;basketball players;coach;the;their;little;were
869,from;to;father;straight;head;supper;the;the;always;table;the;sit;while
870,future;sphere;with;glasses;fortune teller;aunt;my;a;predicted;superstitious;the;the
871,flat;the;from;contest;accused;from;in front of;the;use;doping;the;became;athlete;illegal
872,seabed;the;upstairs;dear;to experience;from;Germany;became;the;from;to;achieved;divers;three;by
874,ground;offender;the;gold supply;below;safe;the;a;in;stores;mean
876,eat;a;U.S;supper;sauce;family;pasta;mostly;as;with;yummy
877,fanatic;the;about;tip;from;offender;notification;cause;law enforcement;anonymous;to;received;the;a;the
878,yesterday afternoon;the;could;That;after;from;well;Bram;ground;bags;blunder;huge;by
879,Ivo;from;about;on;strict;to be;advice;reprimand;boss;work;poor;to be;received;a;to be
880,the;with;is going;evening hours;a;in;female friend;playing tennis;often;Ria;yummy
881,again;Sun tanning;the;to;the;lay;House;on;with;from;gladly;terrace;beautiful;I;beautiful
882,Inge;about;carafe;dinner party;the;the;crystal;wine;in;gutter;a;chic;from;in front of
883,grandma;from;showed;break;few;the;after;children;the;vase;antique;repentance;their;the;to
884,otherwise;Eindhoven;Luuk;in;after;to be;to have;in front of;own;worked;years;started;company;to;someone
885,entire;the;laid off;the;by;misconduct;board;due to;became;chairman
886,the;the;swimming pool;arid;by;fall;leaves;the;in;wind
887,completed;important;the;the;from;became;worker;not;effort;project;the;despite
888,calling;happy;after;from;a;the;cab;party;ending;Women;cozy;the
889,employees;arrogant;the;searches;foreign;with;barely;director;Contact;the
890,saucer;per;people;future;in;to travel;far;flying;the;perhaps;the
891,students;vandalism;the;to deliver;increasing;speech;the;from;about;to;fascinating;comment;cause
892,the;on;to;walked;playing;drums;cheerful;purple;school;pupils;their
893,guests;used to be;very;the;left;because;clerk;rude;the;lax
894,soldiers;heavy;while;stooped;training;the;walked;very;ropes;the;by;below
895,first;while;goodies;pause;the;in;to buy;school students;the;something;often;canteen;the
896,end;grandmother;the;loyal;at;from;school year;everyone;stay;daughters;to;the;their
897,sisters;with;walked;school;hand;every one;licorice;in;a;to;yummy;the
898,the;from;acquaintances;farm;my;That;live;backyard;with;sister in law;detached;in;generous
899,to;the;plumber;old;remedy;a;the;leaks;devout;to;searches;pastor;church;the
900,you;main one;from;in front of;That;consult;known;the;Results;can;investigation;publication;the
901,rich;by;monkeys;group;trip;the;while;see;jungle;tourists;the;a;the
902,the;upset;the;all the way;dirty one;touch;beast;the;at;from;see;mothers
903,from;hall;birthday;nice one;our;their;to celebrate;little;the;hotel;neighbors;the;in
904,the;to achieve;mountains;tour;camping;by;after;walkers;heavy;the;a;the
905,big ones;thanks to;the;the;in;excellent;number;visitors;too;organization;young ones
906,mean;from;citizens;dictator;the;then;shouted;protest;arrived;slogans;the
907,modern;electronically;customers;beauty shop;the;exclusively;the;in;Pay;most
908,residence;young people;their;the;in;to care;pleasure;happy one;intense;in front of
